{
    "emotion_metrics": {
        "task": "emotion",
        "accuracy": 0.7437137330754352,
        "precision": 0.7347185490600501,
        "recall": 0.7339243342181353,
        "f1": 0.7308920543111588
    },
    "sarcasm_metrics": {
        "task": "sarcasm",
        "accuracy": 0.7804347826086957,
        "precision": 0.7833094213295074,
        "recall": 0.7799833635813672,
        "f1": 0.7796757259177411
    },
    "combined_macro_f1": 0.75528389011445
}